Individual_ID,Population,SNP_0001,SNP_0002,SNP_0003,SNP_0004,SNP_0005,SNP_0006,SNP_0007,SNP_0008,SNP_0009,SNP_0010,SNP_0011,SNP_0012,SNP_0013,SNP_0014,SNP_0015,SNP_0016,SNP_0017,SNP_0018,SNP_0019,SNP_0020,SNP_0021,SNP_0022,SNP_0023,SNP_0024,SNP_0025,SNP_0026,SNP_0027,SNP_0028,SNP_0029,SNP_0030,SNP_0031,SNP_0032,SNP_0033,SNP_0034,SNP_0035,SNP_0036,SNP_0037,SNP_0038,SNP_0039,SNP_0040,SNP_0041,SNP_0042,SNP_0043,SNP_0044,SNP_0045,SNP_0046,SNP_0047,SNP_0048,SNP_0049,SNP_0050,SNP_0051,SNP_0052,SNP_0053,SNP_0054,SNP_0055,SNP_0056,SNP_0057,SNP_0058,SNP_0059,SNP_0060,SNP_0061,SNP_0062,SNP_0063,SNP_0064,SNP_0065,SNP_0066,SNP_0067,SNP_0068,SNP_0069,SNP_0070,SNP_0071,SNP_0072,SNP_0073,SNP_0074,SNP_0075,SNP_0076,SNP_0077,SNP_0078,SNP_0079,SNP_0080,SNP_0081,SNP_0082,SNP_0083,SNP_0084,SNP_0085,SNP_0086,SNP_0087,SNP_0088,SNP_0089,SNP_0090,SNP_0091,SNP_0092,SNP_0093,SNP_0094,SNP_0095,SNP_0096,SNP_0097,SNP_0098,SNP_0099,SNP_0100,SNP_0101,SNP_0102,SNP_0103,SNP_0104,SNP_0105,SNP_0106,SNP_0107,SNP_0108,SNP_0109,SNP_0110,SNP_0111,SNP_0112,SNP_0113,SNP_0114,SNP_0115,SNP_0116,SNP_0117,SNP_0118,SNP_0119,SNP_0120,SNP_0121,SNP_0122,SNP_0123,SNP_0124,SNP_0125,SNP_0126,SNP_0127,SNP_0128,SNP_0129,SNP_0130,SNP_0131,SNP_0132,SNP_0133,SNP_0134,SNP_0135,SNP_0136,SNP_0137,SNP_0138,SNP_0139,SNP_0140,SNP_0141,SNP_0142,SNP_0143,SNP_0144,SNP_0145,SNP_0146,SNP_0147,SNP_0148,SNP_0149,SNP_0150,SNP_0151,SNP_0152,SNP_0153,SNP_0154,SNP_0155,SNP_0156,SNP_0157,SNP_0158,SNP_0159,SNP_0160,SNP_0161,SNP_0162,SNP_0163,SNP_0164,SNP_0165,SNP_0166,SNP_0167,SNP_0168,SNP_0169,SNP_0170,SNP_0171,SNP_0172,SNP_0173,SNP_0174,SNP_0175,SNP_0176,SNP_0177,SNP_0178,SNP_0179,SNP_0180,SNP_0181,SNP_0182,SNP_0183,SNP_0184,SNP_0185,SNP_0186,SNP_0187,SNP_0188,SNP_0189,SNP_0190,SNP_0191,SNP_0192,SNP_0193,SNP_0194,SNP_0195,SNP_0196,SNP_0197,SNP_0198,SNP_0199,SNP_0200
Ind_01,PopA,0,0,0,1,0,0,0,1,0,0,0,1,1,0,0,0,0,1,0,1,1,0,0,0,0,0,1,0,1,0,1,0,0,0,0,1,0,0,1,0,1,1,1,0,0,1,0,2,2,1,0,0,1,0,0,1,1,0,0,0,0,2,0,0,1,1,0,1,0,0,1,1,1,1,0,0,1,0,1,1,1,0,0,0,0,0,0,0,0,0,0,0,1,0,0,0,1,0,0,0,0,0,0,1,1,1,0,0,1,0,0,0,0,2,1,1,0,0,0,0,1,1,0,0,1,1,1,1,0,0,0,1,0,0,0,0,1,1,0,0,0,0,0,0,0,0,1,0,0,0,0,1,0,0,0,0,0,1,1,1,0,1,0,0,1,0,1,1,0,0,0,0,0,0,0,0,1,0,1,0,0,0,1,1,1,1,0,0,1,1,2,0,0,1,0,1,1,0,1,1
Ind_02,PopA,0,0,0,0,0,0,0,0,0,0,0,1,1,0,1,1,0,0,1,1,0,0,0,0,0,0,0,1,0,0,0,1,0,0,0,0,0,0,0,0,0,0,0,0,0,1,1,1,1,0,0,0,0,1,0,0,0,0,0,0,0,2,1,0,0,0,0,0,0,0,0,1,0,1,0,2,0,0,2,1,1,0,0,1,1,1,0,0,1,0,0,0,0,0,0,0,0,0,0,0,0,0,0,0,0,2,0,1,0,1,1,0,0,0,0,1,1,2,0,0,1,0,0,1,1,1,0,1,0,0,0,1,1,0,0,1,0,1,0,0,0,0,1,0,0,1,0,0,1,1,0,2,1,0,0,1,0,0,1,1,0,0,0,0,0,0,1,1,0,1,0,1,0,0,1,0,0,1,1,0,1,1,0,0,0,1,0,0,0,1,0,0,0,0,0,1,1,0,0,1
Ind_03,PopA,0,0,1,1,1,1,1,1,0,0,0,2,1,0,1,1,0,0,1,0,1,0,1,2,1,0,1,1,0,1,0,0,0,0,0,1,0,1,0,0,0,1,0,1,1,0,0,0,1,0,1,0,1,1,2,0,0,0,0,0,1,2,1,0,0,1,0,0,0,0,0,0,0,0,1,0,0,1,0,1,1,0,0,1,2,0,1,0,2,0,2,1,1,0,0,0,0,0,0,0,0,1,1,1,2,0,0,1,0,0,1,0,0,0,0,0,0,1,0,0,1,1,1,1,0,0,0,0,0,0,0,0,0,0,0,0,1,0,0,0,1,0,1,1,0,1,1,1,1,1,1,1,0,1,0,1,0,1,1,0,1,0,0,1,0,1,1,0,0,0,1,2,1,0,0,0,1,0,1,0,1,0,0,1,0,1,1,0,0,1,0,1,0,1,0,1,2,1,1,0
Ind_04,PopA,0,0,0,1,1,0,1,1,0,1,0,0,0,0,0,1,0,0,0,1,0,0,0,0,2,2,0,1,1,1,0,0,0,0,0,0,0,1,0,0,2,0,1,0,1,0,0,1,2,1,0,0,1,0,0,1,0,1,0,1,0,1,0,1,2,0,2,0,1,1,0,1,1,0,0,0,1,1,1,0,1,0,0,0,0,0,0,1,0,0,0,0,0,0,1,0,0,0,0,1,0,0,0,0,0,0,1,0,0,1,1,1,1,0,0,0,1,1,0,1,0,1,0,0,0,0,0,0,1,0,0,1,0,0,0,0,0,1,0,0,0,0,1,0,2,0,1,0,0,0,2,0,1,1,0,0,1,0,1,1,0,0,1,0,1,0,1,0,0,0,1,0,1,1,0,0,0,1,0,0,0,0,1,0,2,0,1,0,0,1,0,2,0,0,1,1,0,0,0,1
Ind_05,PopA,1,1,0,0,0,1,0,0,0,0,1,1,0,0,0,2,0,1,1,0,0,0,0,1,0,0,0,2,1,0,2,0,0,1,1,0,0,0,2,0,0,0,0,1,1,0,0,0,1,1,0,1,1,1,1,0,1,0,1,1,1,1,0,0,2,2,0,0,0,1,1,0,0,1,1,0,0,0,0,0,0,1,1,1,0,0,0,0,1,2,0,0,1,0,0,0,0,0,0,1,1,0,1,0,1,0,2,0,0,0,0,1,2,0,0,1,1,1,0,0,0,0,0,0,1,0,0,0,1,0,0,0,0,0,0,1,0,1,0,0,0,0,1,0,1,0,0,0,0,0,0,0,0,1,2,2,1,0,0,1,0,0,1,0,0,0,0,0,0,0,0,1,0,1,0,1,0,0,1,1,0,1,0,0,0,0,1,0,0,1,1,0,0,0,0,0,2,0,0,0
Ind_06,PopA,2,0,0,0,1,1,0,1,0,1,0,1,0,1,1,0,1,0,1,0,1,0,0,0,0,0,0,1,0,0,1,0,1,1,1,0,1,0,0,0,1,0,0,2,1,0,0,1,0,0,0,1,0,1,1,0,0,0,0,0,0,0,1,0,0,1,0,0,0,0,0,0,0,1,2,1,1,0,1,0,0,0,0,0,0,0,1,0,0,0,1,0,0,0,0,0,0,0,0,0,1,0,0,0,1,0,0,1,0,0,0,1,0,1,2,0,0,0,0,0,1,1,1,0,1,2,1,0,1,0,0,0,0,1,0,0,0,0,0,0,1,0,0,0,1,1,1,0,0,0,0,1,1,1,0,0,1,0,0,0,0,0,0,0,0,0,0,0,0,1,1,1,0,0,0,0,0,1,0,1,1,1,1,0,0,1,0,1,1,1,0,0,0,0,1,0,0,0,1,0
Ind_07,PopA,0,0,1,0,0,0,0,0,1,0,1,0,0,0,0,0,0,0,1,0,1,1,0,1,0,2,0,1,0,0,1,1,0,0,1,0,1,1,1,0,0,0,1,1,0,0,1,0,0,0,0,0,0,0,1,0,1,1,0,0,0,1,0,1,1,0,0,0,1,0,0,0,1,0,1,0,0,0,0,0,0,1,0,0,0,0,0,0,0,0,0,0,0,0,2,0,1,0,1,1,0,2,0,0,1,1,0,0,0,0,0,0,0,0,0,0,0,2,1,0,1,1,1,0,0,0,0,0,0,0,1,0,0,1,2,1,2,0,2,0,0,0,0,0,0,1,0,0,1,0,0,0,0,0,1,0,0,1,0,0,0,0,0,0,0,1,0,0,0,1,0,0,1,0,0,0,0,0,0,0,0,1,2,1,1,0,1,0,1,2,1,2,0,0,0,1,0,0,2,0
Ind_08,PopA,1,1,0,1,0,1,1,0,1,0,0,0,0,0,1,0,1,0,0,1,0,0,1,0,0,0,2,0,1,0,0,0,0,0,0,0,0,1,0,0,0,2,0,0,1,1,0,0,0,0,0,0,0,0,0,2,0,0,0,1,0,0,1,1,0,0,0,2,0,0,1,1,0,0,1,1,1,0,0,1,1,1,0,0,0,1,0,0,1,0,0,2,0,1,0,1,2,0,0,0,0,1,1,0,0,0,1,0,0,0,0,0,1,0,0,1,1,0,0,0,0,0,0,0,1,1,1,0,2,1,1,1,1,0,0,0,1,1,1,0,0,1,0,0,0,0,1,1,1,0,1,0,1,0,0,1,1,0,1,0,0,0,0,1,0,0,1,0,1,0,0,0,0,0,0,0,1,1,1,1,0,0,0,0,0,1,0,0,1,1,0,1,1,0,0,0,1,1,0,0
Ind_09,PopA,0,0,2,0,1,1,1,2,0,0,0,0,0,0,1,0,0,0,0,0,1,0,0,0,1,1,0,0,1,0,0,2,1,0,1,0,0,1,1,1,0,0,0,2,2,0,1,1,1,0,0,0,1,0,1,0,0,0,1,1,0,0,0,0,0,0,0,1,1,0,0,0,1,1,1,1,2,0,0,0,0,0,0,1,0,0,0,0,0,0,0,1,1,1,1,0,1,1,0,1,0,1,2,0,1,0,2,0,1,0,0,0,2,1,1,1,0,0,0,0,0,0,0,0,0,0,2,1,1,0,0,1,0,0,0,0,0,0,1,0,0,1,0,0,1,0,0,0,0,0,1,0,1,0,0,0,0,0,0,0,0,1,0,0,0,1,0,0,1,1,0,0,1,2,1,0,0,0,0,0,0,1,0,1,0,0,0,1,0,0,1,0,1,0,0,1,0,1,0,1
Ind_10,PopA,0,1,1,2,0,1,0,0,0,0,1,0,0,1,0,0,0,1,1,0,0,0,1,0,0,0,0,0,1,0,0,1,1,0,0,0,2,0,1,0,0,0,0,0,0,0,2,0,1,0,0,0,1,1,0,0,0,0,0,1,1,0,0,0,0,0,0,0,0,0,0,0,0,1,0,0,0,1,1,0,0,0,2,0,1,1,1,0,0,0,1,0,1,0,1,1,0,1,1,1,0,0,1,0,1,0,0,0,0,0,0,0,0,2,2,0,1,0,1,1,1,0,1,0,2,0,0,0,0,0,1,0,0,0,0,0,0,0,0,0,1,1,0,0,0,0,1,0,0,0,0,1,2,0,0,1,1,0,0,0,0,0,0,0,0,1,0,0,0,0,2,1,0,1,0,1,0,0,0,0,1,1,0,0,1,1,0,0,0,1,0,0,1,0,0,0,0,0,0,0
Ind_11,PopB,0,2,2,2,0,1,1,1,2,0,0,1,1,0,1,2,2,1,1,0,1,1,0,1,1,1,1,1,1,0,1,1,1,0,0,2,2,1,1,1,1,1,1,1,1,2,0,2,1,2,1,2,1,1,2,1,0,1,1,1,0,2,1,1,1,1,1,2,0,0,1,0,2,1,1,1,1,1,2,1,2,1,2,2,1,1,2,1,1,1,1,0,1,0,1,1,0,0,1,1,2,2,1,1,2,2,1,1,0,0,1,0,0,2,0,0,1,0,1,1,1,0,1,1,0,0,2,0,0,1,0,0,1,1,1,0,1,2,1,2,1,0,1,0,1,1,1,1,0,1,1,1,1,2,1,1,2,1,1,2,2,1,0,1,2,1,0,1,0,0,0,1,0,1,1,1,1,0,0,1,0,2,1,1,2,1,2,2,2,2,2,1,1,2,0,2,0,0,0,2
Ind_12,PopB,0,0,2,1,1,0,0,0,2,1,0,0,1,2,0,1,2,2,1,2,2,1,2,1,2,1,1,1,1,1,2,1,2,0,0,2,1,1,1,2,0,2,2,0,1,1,1,2,2,2,0,1,1,0,1,0,0,1,0,1,1,1,1,2,0,1,0,2,1,1,1,0,1,0,1,2,0,2,1,1,0,0,0,1,1,1,0,0,1,0,1,1,1,1,1,0,1,1,0,2,2,2,1,1,1,1,1,0,0,1,1,1,0,1,1,1,1,0,1,2,1,2,2,1,2,0,0,0,1,0,0,0,1,2,1,2,1,1,1,1,1,2,0,2,0,2,0,2,1,1,2,1,1,1,2,0,2,1,1,0,1,2,1,0,1,0,2,0,1,1,2,1,0,0,1,2,0,0,2,2,2,0,1,2,1,1,2,2,1,1,2,2,2,1,1,1,2,1,0,1
Ind_13,PopB,1,1,0,1,0,2,1,0,0,1,0,1,1,1,2,2,2,1,1,2,1,1,2,1,0,1,2,0,1,2,2,1,1,1,2,1,1,2,1,2,1,1,0,1,1,1,1,1,1,1,2,2,2,0,1,1,1,2,1,1,0,0,1,1,1,2,1,1,0,2,1,1,1,0,2,1,1,2,1,1,0,0,0,0,0,1,1,2,1,2,0,0,0,0,0,1,2,0,1,2,1,1,1,1,2,0,1,0,1,0,0,0,1,1,0,1,1,1,1,0,2,0,2,1,2,1,1,0,1,0,1,1,2,0,2,1,1,2,1,0,1,0,1,1,1,0,1,0,1,2,1,0,2,1,1,2,0,1,1,2,1,0,1,1,0,2,2,2,2,2,1,1,2,2,1,2,2,0,1,2,1,2,2,0,1,2,1,1,0,2,2,1,1,0,0,1,1,0,1,1
Ind_14,PopB,0,0,0,2,2,2,0,1,2,1,1,0,1,2,0,1,1,1,1,0,0,1,2,1,1,1,0,2,1,1,1,0,1,0,1,1,2,0,0,2,1,0,2,0,2,2,1,1,1,0,1,2,2,1,1,0,1,1,2,0,1,2,2,0,2,1,1,2,0,1,1,0,0,1,0,1,1,1,1,1,1,1,1,1,1,0,2,1,1,0,0,1,1,0,1,1,1,0,1,1,1,0,2,1,1,2,1,1,2,1,0,0,0,1,2,2,2,1,0,1,2,1,1,1,1,2,1,0,1,1,1,0,1,2,2,2,0,0,1,1,2,1,2,2,1,2,0,0,0,2,2,1,2,1,0,1,0,1,2,1,1,2,1,2,0,2,1,1,0,2,2,0,2,1,1,2,1,2,0,1,0,1,2,1,1,2,1,1,0,1,0,1,2,0,1,1,1,1,1,1
Ind_15,PopB,1,0,0,0,1,2,1,0,1,1,0,0,0,0,0,2,2,1,0,1,2,1,1,1,0,1,1,0,1,1,0,1,2,1,1,1,0,1,1,1,1,2,0,0,0,0,0,1,1,1,2,0,2,2,1,1,2,2,2,1,1,1,2,1,1,1,1,2,1,1,2,0,1,2,1,0,0,1,1,1,0,1,1,2,1,1,1,0,1,1,1,1,1,2,1,0,2,1,0,1,1,1,2,1,2,1,1,1,2,2,1,0,1,1,1,0,2,1,0,1,0,2,2,1,0,1,1,1,1,0,2,1,2,0,1,1,1,0,0,1,1,2,2,0,2,1,1,2,1,0,0,2,1,1,2,1,1,1,2,2,1,0,1,1,1,0,2,0,2,1,0,2,2,0,0,2,2,0,1,1,1,0,0,0,0,2,1,0,1,2,0,1,1,1,2,1,1,1,1,0
Ind_16,PopB,1,1,0,1,0,0,1,0,1,0,1,2,1,1,2,0,0,1,1,0,2,1,2,1,0,1,2,2,1,1,1,2,1,0,1,2,1,1,2,0,0,0,1,1,1,1,0,0,1,2,1,2,1,0,1,1,1,1,0,2,0,2,0,0,2,1,2,0,0,1,1,2,0,1,1,1,0,1,0,0,2,1,1,1,0,1,0,1,0,1,0,1,2,1,2,0,1,2,1,2,2,1,1,1,1,1,1,1,1,1,1,1,1,1,0,0,1,1,1,2,1,1,1,2,2,2,0,1,1,0,0,1,1,1,0,1,0,2,1,2,0,1,1,0,1,0,1,2,1,1,2,1,0,1,2,2,1,1,2,1,0,1,0,1,1,1,1,2,1,2,1,1,2,0,2,2,1,2,2,2,1,1,0,2,1,1,1,1,0,1,2,1,1,1,0,0,1,1,1,2
Ind_17,PopB,1,1,1,1,1,2,0,1,0,2,2,1,2,0,0,1,0,1,1,1,2,1,1,1,2,0,1,1,1,1,1,2,1,1,1,1,0,1,0,1,1,1,1,2,2,1,0,2,1,0,2,0,1,0,2,1,2,1,0,1,1,1,2,1,0,1,1,1,2,2,1,1,2,2,2,0,1,0,1,1,1,0,0,0,1,0,1,1,1,2,0,0,1,1,1,1,1,1,2,2,1,1,1,0,1,0,0,1,1,0,0,2,1,0,0,1,2,1,2,0,1,0,0,1,1,2,0,2,2,1,1,2,0,0,0,1,0,2,0,0,0,2,1,2,1,2,1,2,2,1,1,1,1,0,2,1,2,1,0,2,0,0,0,1,1,2,0,2,2,1,2,2,1,2,1,2,1,1,2,2,1,1,1,0,1,2,2,1,2,1,2,1,1,2,1,0,2,1,2,1
Ind_18,PopB,0,0,2,2,1,1,1,0,0,0,2,1,0,2,1,2,0,2,1,1,1,0,0,1,1,1,0,2,1,0,1,0,1,1,1,2,0,1,1,1,1,1,1,0,0,1,1,0,2,1,2,1,0,1,1,0,0,0,0,0,2,1,1,1,2,1,0,1,2,2,1,1,1,0,1,0,1,1,1,1,1,1,1,1,1,2,1,1,0,2,0,0,1,0,1,1,0,0,0,2,0,0,2,1,0,0,0,2,0,1,1,0,1,0,1,2,2,2,1,1,0,0,1,0,1,1,0,2,1,0,0,1,1,0,1,1,2,1,1,0,0,2,1,0,0,1,1,0,1,1,1,0,2,2,2,2,1,1,1,1,1,1,1,1,1,0,0,1,2,0,1,0,1,1,2,1,0,1,2,1,0,1,1,1,2,2,1,1,1,1,1,1,1,0,1,1,2,1,2,0
Ind_19,PopB,0,1,1,1,1,0,1,2,0,1,1,1,0,0,1,1,1,2,2,1,2,1,1,1,1,1,2,0,1,1,0,1,0,2,0,2,2,2,2,0,1,2,0,1,1,1,1,2,1,2,1,1,0,1,2,0,1,1,2,0,1,1,0,1,1,1,2,1,1,1,2,2,0,1,1,1,1,0,0,1,1,0,1,1,1,1,1,2,1,1,2,1,1,1,2,2,0,2,0,1,1,2,0,2,1,0,1,1,1,2,0,0,0,0,1,1,0,2,2,2,1,1,1,1,1,1,1,1,1,2,0,2,2,1,2,1,1,1,1,1,2,0,1,2,2,0,2,0,0,1,2,1,1,1,1,1,2,1,1,1,1,1,2,1,1,2,2,2,2,2,1,1,0,1,0,0,1,1,0,1,1,1,2,2,1,1,1,1,1,0,2,2,1,0,0,2,0,2,0,0
Ind_20,PopB,2,0,0,2,0,2,1,0,0,0,0,0,2,1,0,1,0,0,0,1,1,1,1,1,1,0,0,1,1,2,0,1,0,0,2,1,1,1,1,2,1,1,0,1,2,1,0,1,0,2,0,1,1,2,1,1,1,2,0,2,0,2,2,1,1,2,2,1,1,0,0,2,0,0,1,1,1,1,1,0,2,1,1,2,0,0,2,1,1,1,0,1,2,1,1,0,1,1,0,2,1,2,2,2,0,2,2,1,1,1,2,1,1,0,0,2,1,2,0,1,1,1,0,2,0,0,2,2,1,2,0,1,1,1,0,2,1,1,1,1,1,1,0,0,1,2,1,1,2,2,2,2,1,0,2,1,1,0,2,0,0,0,0,1,1,2,0,0,1,0,0,1,0,2,1,0,2,1,1,1,0,0,1,0,1,2,2,1,1,0,1,0,1,1,2,0,2,1,2,0
Ind_21,PopC,2,2,0,2,1,2,2,2,2,2,2,1,2,1,2,2,2,2,2,2,1,2,2,1,2,2,2,2,2,2,2,2,1,1,2,1,1,1,1,2,2,1,2,2,2,1,2,1,1,1,1,0,2,2,2,1,2,0,2,1,2,2,2,2,1,2,1,2,2,1,2,2,2,2,2,1,2,2,2,2,2,0,1,2,2,1,2,2,2,2,1,1,2,2,1,1,1,1,2,1,1,2,1,2,2,2,2,2,2,2,2,2,2,2,2,2,1,1,1,2,2,1,2,2,2,1,2,1,1,2,1,2,1,2,1,2,1,2,2,1,1,2,2,2,1,1,1,2,2,1,1,2,1,2,2,2,2,2,2,2,1,2,2,2,2,1,2,1,2,2,2,2,2,1,2,2,2,2,1,2,1,2,1,1,2,2,0,2,2,2,2,2,0,1,1,1,2,2,1,0
Ind_22,PopC,2,2,1,2,2,2,1,2,2,1,2,1,0,2,2,0,1,2,2,2,0,2,2,1,2,1,2,1,2,1,1,2,2,2,2,1,1,2,2,2,1,2,2,2,2,2,2,2,1,2,2,2,2,2,2,2,2,2,2,1,2,2,2,2,2,2,1,2,2,1,0,2,2,2,2,2,2,1,2,2,2,1,2,2,2,2,2,2,2,2,2,1,2,2,2,2,1,2,2,2,1,1,2,2,2,2,1,2,2,1,1,2,2,2,1,1,2,2,1,2,2,1,2,2,1,1,2,2,2,2,2,1,2,2,2,0,2,2,2,2,2,2,2,2,2,2,2,2,2,2,2,2,2,2,0,1,2,2,2,2,2,2,2,1,2,1,1,2,2,2,2,2,2,2,1,2,0,2,1,2,2,1,2,1,2,2,2,1,2,2,1,2,2,2,2,2,2,2,2,2
Ind_23,PopC,1,2,1,2,2,2,2,2,2,1,2,2,2,2,2,2,2,1,2,1,2,1,2,2,2,2,2,2,0,2,2,1,2,1,2,1,2,1,2,2,2,2,0,2,2,2,2,2,1,1,1,2,2,2,2,0,1,2,2,2,1,1,1,2,1,2,2,2,2,2,1,1,2,1,2,1,1,1,1,2,2,2,2,1,2,2,2,0,2,1,2,2,2,1,1,1,2,2,0,2,2,1,2,2,2,2,2,1,2,2,1,2,2,2,2,2,2,0,1,1,1,2,2,1,2,1,2,1,1,1,2,1,2,2,1,2,1,2,2,1,2,2,1,2,1,2,2,2,2,2,2,2,2,2,2,2,1,2,2,2,1,2,1,2,1,1,1,2,2,2,2,1,2,2,2,2,2,1,2,2,2,2,2,1,1,1,1,2,1,1,1,2,1,1,1,2,1,1,1,2
Ind_24,PopC,2,2,2,2,2,2,2,2,2,2,2,2,1,2,2,2,2,2,2,2,0,2,2,2,1,2,2,1,2,1,1,2,2,2,2,2,1,2,2,1,2,2,2,2,2,2,0,1,2,2,2,2,2,2,1,2,2,1,2,2,1,2,1,2,1,0,1,1,2,2,2,1,1,2,1,1,0,1,2,2,2,2,2,1,1,2,2,2,2,2,2,2,2,2,2,2,2,2,1,2,2,1,2,1,2,2,2,2,2,2,2,2,2,1,2,2,2,1,2,2,2,2,1,1,2,2,1,2,0,1,2,1,2,1,2,2,2,2,2,2,2,2,2,2,2,2,2,2,2,1,2,1,2,1,1,1,2,2,2,2,1,2,1,2,2,2,2,1,2,1,2,2,2,2,2,2,1,1,2,2,2,2,2,2,1,1,2,2,2,1,2,2,1,2,2,2,1,2,2,2
Ind_25,PopC,1,2,2,1,2,1,2,2,0,2,2,1,2,1,1,2,2,2,2,2,1,1,1,2,2,1,2,2,1,1,2,1,2,0,2,2,1,2,1,1,1,0,2,1,2,2,1,2,2,2,1,0,2,1,1,2,2,1,2,2,1,2,1,1,1,2,2,2,1,2,2,2,2,2,2,2,2,2,1,2,2,1,2,1,2,1,1,1,2,2,2,2,1,2,1,2,1,2,1,2,2,2,2,2,1,2,1,2,2,2,2,1,2,1,2,1,2,2,2,2,2,1,2,2,1,2,2,0,1,1,1,2,2,2,2,2,2,1,1,1,0,2,2,2,2,2,2,2,1,2,2,1,2,2,2,2,1,2,1,2,2,1,2,2,2,1,1,2,2,2,2,0,0,2,2,2,2,1,1,2,2,2,2,1,1,2,2,2,2,1,2,2,2,1,2,1,1,1,2,2
Ind_26,PopC,2,2,2,2,2,2,1,2,2,2,1,2,2,2,1,1,1,2,1,2,1,1,1,2,2,1,2,1,2,2,1,2,1,2,1,2,1,2,1,2,2,2,2,2,2,1,2,1,0,2,2,2,2,2,1,2,2,2,1,2,1,1,1,0,1,2,2,2,2,2,2,2,0,2,1,2,1,1,2,2,2,2,1,1,2,2,2,2,2,2,2,2,2,2,2,0,1,2,2,1,1,1,2,0,2,1,1,2,1,2,0,2,1,2,1,2,2,2,1,2,1,2,1,2,2,2,2,2,2,1,2,1,2,1,2,1,2,2,2,1,2,2,2,1,1,2,2,1,2,2,2,1,2,1,2,2,1,2,2,2,1,1,1,1,2,2,1,2,2,2,2,1,2,2,0,2,2,2,1,1,1,1,2,1,1,2,2,1,1,1,1,2,1,2,2,2,2,2,2,2
Ind_27,PopC,2,2,1,1,2,2,1,1,1,1,2,1,2,2,2,2,1,1,2,2,2,2,2,1,1,2,1,2,2,2,1,1,2,2,2,0,2,1,1,2,2,1,2,1,2,2,1,1,0,2,1,1,1,2,2,1,2,2,2,2,2,2,1,2,1,2,2,2,2,2,1,2,2,2,2,1,1,1,2,2,2,1,2,1,2,2,2,2,1,2,1,2,0,2,1,1,0,2,1,2,2,2,2,0,2,2,1,2,2,2,1,2,1,1,0,2,2,2,2,2,1,2,2,1,1,2,2,2,2,1,2,1,2,1,2,2,1,2,2,2,2,1,2,2,2,2,1,1,2,2,2,2,2,2,2,1,2,2,2,2,2,2,1,2,1,2,2,2,2,2,2,2,2,2,2,2,2,2,1,2,0,2,1,1,1,2,2,2,2,2,1,2,1,2,2,2,2,2,1,2
Ind_28,PopC,2,2,1,2,2,0,1,1,2,2,2,2,0,2,1,1,2,1,2,1,1,2,1,2,2,2,2,2,1,2,2,2,2,1,1,1,2,2,1,1,2,1,1,1,2,2,2,2,2,2,2,2,2,1,0,2,2,0,2,1,2,2,1,1,2,2,2,2,2,2,2,1,2,2,2,2,2,2,2,1,0,2,2,2,1,2,1,2,2,1,1,1,2,2,2,2,1,1,1,0,2,1,1,2,1,2,1,2,2,1,1,2,2,2,2,1,0,2,1,2,1,2,2,1,2,1,1,2,2,1,1,2,2,2,2,2,2,1,1,0,1,1,2,1,2,2,2,2,1,1,2,2,2,2,1,2,1,2,1,2,2,2,1,1,2,2,2,2,2,2,1,2,0,2,1,2,2,0,1,2,1,1,1,2,1,0,2,1,2,2,2,2,2,2,2,2,1,2,2,1
Ind_29,PopC,2,2,1,2,1,2,2,1,1,2,2,2,2,2,2,2,1,2,1,2,1,2,1,2,1,2,2,2,2,2,2,2,0,2,1,2,2,1,1,1,2,2,2,2,2,1,1,2,2,1,2,2,2,2,0,2,2,2,1,1,2,2,2,2,2,2,2,1,2,1,2,2,0,2,1,2,1,1,2,1,1,2,2,1,2,2,2,2,1,2,1,2,2,1,1,1,2,2,2,0,2,1,1,2,1,1,1,2,2,2,2,2,1,2,2,2,2,2,1,1,1,2,2,2,2,1,2,1,2,1,1,2,1,2,2,1,1,2,2,1,1,2,1,2,2,2,2,0,1,1,2,1,1,1,2,1,1,1,2,1,2,2,1,2,1,2,2,2,2,2,2,2,2,2,1,2,2,1,1,1,2,2,1,1,1,1,2,2,2,1,2,1,2,2,1,1,2,2,2,1
Ind_30,PopC,2,2,2,0,0,2,1,2,2,2,1,0,2,2,2,2,2,2,2,2,1,1,2,1,1,2,2,1,2,2,2,1,1,1,2,2,2,1,2,2,2,2,1,2,0,2,1,1,2,1,2,1,1,1,2,2,2,2,1,1,1,2,1,1,1,2,2,2,2,1,0,2,2,2,1,0,1,2,2,1,2,2,2,2,2,2,2,2,2,2,1,2,2,2,2,2,2,1,2,2,2,0,1,2,1,1,2,2,2,2,1,1,2,1,1,0,1,0,2,1,1,2,2,0,2,1,2,2,2,2,2,1,2,2,2,2,1,2,2,2,2,2,2,1,1,1,2,2,2,1,0,2,2,1,1,1,2,1,2,1,1,1,2,2,2,2,1,2,2,1,2,2,2,1,2,1,2,1,2,2,2,2,2,2,2,2,2,2,1,1,2,2,1,2,0,2,1,2,0,2
